City_ID,City,Country,Lat,Lng,Max Temp,Humidity,Cloudiness,Wind Speed,Current Description
0,Port Hardy,CA,50.6996,-127.4199,35.78,93,75,0.0,broken clouds
1,Mar Del Plata,AR,-38.0023,-57.5575,89.83,77,0,20.0,clear sky
2,Kapaa,US,22.0752,-159.319,79.12,83,100,12.66,moderate rain
3,Sechura,PE,-5.5569,-80.8222,76.39,58,12,14.63,few clouds
4,Albany,US,42.6001,-73.9662,42.73,47,100,1.01,overcast clouds
5,Mataura,NZ,-46.1927,168.8643,50.49,99,100,2.13,overcast clouds
6,Lavumisa,SZ,-27.31,31.892,67.39,96,100,5.68,light rain
7,Batticaloa,LK,7.7102,81.6924,76.75,84,95,7.85,overcast clouds
8,Tongliao,CN,43.6125,122.2653,8.4,59,0,9.66,clear sky
9,Punta Arenas,CL,-53.15,-70.9167,50.11,40,40,19.57,scattered clouds
10,Hilo,US,19.7297,-155.09,82.27,76,100,7.0,overcast clouds
11,Port Elizabeth,ZA,-33.918,25.5701,61.32,91,3,3.0,clear sky
12,Klaksvik,FO,62.2266,-6.589,40.12,65,90,26.4,overcast clouds
13,Shingu,JP,33.7333,135.9833,44.47,87,54,6.38,broken clouds
14,Tubigan,PH,8.5322,124.3122,71.89,82,70,2.59,broken clouds
15,San Francisco,US,37.7749,-122.4194,61.95,75,75,13.8,broken clouds
16,Arraial Do Cabo,BR,-22.9661,-42.0278,76.96,73,40,18.41,light rain
17,Coquimbo,CL,-29.9533,-71.3436,65.93,72,40,9.22,scattered clouds
18,Yellowknife,CA,62.456,-114.3525,-22.45,69,20,10.36,few clouds
19,Vaini,TO,-21.2,-175.2,82.56,78,40,8.05,light rain
20,Sergeyevka,KZ,53.88,67.4158,-7.56,99,10,2.68,clear sky
21,Koumac,NC,-20.5667,164.2833,78.17,86,100,8.01,light rain
22,Whitianga,NZ,-36.8333,175.7,65.64,60,94,5.86,overcast clouds
23,Avarua,CK,-21.2078,-159.775,75.25,88,100,8.05,heavy intensity rain
24,Yushan,CN,31.3776,120.9543,41.99,74,1,4.21,clear sky
25,Rikitea,PF,-23.1203,-134.9692,75.54,81,98,13.96,overcast clouds
26,Kidal,ML,18.4411,1.4078,80.76,14,100,10.31,overcast clouds
27,Sorland,NO,67.667,12.6934,39.06,83,100,41.27,light rain
28,Lebu,CL,-37.6167,-73.65,63.18,69,2,6.24,clear sky
29,Luwingu,ZM,-10.2621,29.9271,63.59,87,100,5.5,overcast clouds
30,Talnakh,RU,69.4865,88.3972,25.21,96,100,13.44,snow
31,Marrakesh,MA,31.6315,-8.0083,59.07,72,40,5.75,scattered clouds
32,Severo-Kurilsk,RU,50.6789,156.125,23.31,75,100,24.4,light snow
33,Busselton,AU,-33.65,115.3333,55.94,74,0,11.92,clear sky
34,Butaritari,KI,3.0707,172.7902,80.92,80,100,15.75,light rain
35,Aktau,KZ,43.65,51.2,9.18,44,0,3.27,clear sky
36,Penarroya-Pueblonuevo,ES,38.3,-5.2667,52.02,92,100,7.9,overcast clouds
37,Ligayan,PH,4.6533,119.4706,81.88,75,43,4.16,scattered clouds
38,Businga,CD,3.3333,20.8833,71.22,95,94,4.34,light rain
39,Olafsvik,IS,64.8945,-23.7142,39.54,77,18,4.05,few clouds
40,Luderitz,NA,-26.6481,15.1594,61.38,68,3,20.74,clear sky
41,Husavik,IS,66.0449,-17.3389,31.28,80,94,10.27,overcast clouds
42,Pisco,PE,-13.7,-76.2167,69.85,78,0,8.05,clear sky
43,Hobart,AU,-42.8794,147.3294,54.27,66,75,13.8,broken clouds
44,Cape Town,ZA,-33.9258,18.4232,64.35,67,86,5.99,overcast clouds
45,Petrovsk,RU,52.3064,45.3917,10.67,78,14,3.87,few clouds
46,Cockburn Town,TC,21.4612,-71.1419,79.3,62,37,20.51,scattered clouds
47,Luba,GQ,3.4568,8.5547,78.69,76,78,7.16,broken clouds
48,Lompoc,US,34.6391,-120.4579,64.53,64,0,11.5,clear sky
49,Luang Prabang,LA,19.8856,102.1347,68.52,88,74,1.61,broken clouds
50,Atuona,PF,-9.8,-139.0333,77.56,75,92,15.95,overcast clouds
51,Khatanga,RU,71.9667,102.5,-27.74,100,15,4.79,few clouds
52,Kabare,CD,-2.4683,28.8242,58.78,96,92,0.22,overcast clouds
53,Narsaq,GL,60.9167,-46.05,43.02,71,73,10.89,broken clouds
54,Maralal,KE,1.0968,36.698,58.21,83,100,5.7,light rain
55,Sobolevo,RU,54.4299,31.8996,16.27,88,100,10.09,overcast clouds
56,Yuancheng,CN,36.652,107.7896,27.12,61,100,2.13,overcast clouds
57,Longyearbyen,SJ,78.2186,15.6401,8.44,66,75,26.46,light snow
58,Bluff,NZ,-46.6,168.3333,50.81,71,76,8.57,broken clouds
59,Cidreira,BR,-30.1811,-50.2056,72.48,88,97,9.62,overcast clouds
60,Kodiak,US,57.79,-152.4072,38.71,93,100,11.5,overcast clouds
61,Hualmay,PE,-11.0964,-77.6139,70.48,73,9,10.02,clear sky
62,Beloha,MG,-25.1667,45.05,79.39,66,3,8.5,clear sky
63,Guerrero Negro,MX,27.9769,-114.0611,68.16,65,8,16.8,clear sky
64,Jamestown,US,42.097,-79.2353,46.04,26,0,10.36,clear sky
65,Nikolskoye,RU,59.7035,30.7861,22.91,93,100,6.96,overcast clouds
66,Kargasok,RU,59.0556,80.8572,-0.94,96,100,7.0,overcast clouds
67,Clyde River,CA,70.4692,-68.5914,14.23,100,100,0.0,light snow
68,Coihaique,CL,-45.5752,-72.0662,58.95,55,75,9.22,light rain
69,Korla,CN,41.7597,86.1469,22.66,39,44,4.76,scattered clouds
70,Ust-Nera,RU,64.5667,143.2,-42.41,98,99,2.33,overcast clouds
71,Sanmenxia,CN,34.7747,111.1814,36.63,55,79,1.43,broken clouds
72,Bredasdorp,ZA,-34.5322,20.0403,59.59,66,100,1.34,overcast clouds
73,Kaitangata,NZ,-46.2817,169.8464,46.94,92,100,5.82,overcast clouds
74,Kampot,KH,10.6167,104.1833,78.85,91,97,4.81,overcast clouds
75,Hobyo,SO,5.3505,48.5268,80.01,78,100,16.53,overcast clouds
76,Jiazi,CN,22.8779,116.067,56.59,70,100,12.06,overcast clouds
77,Healdsburg,US,38.6105,-122.8692,59.88,71,40,12.66,scattered clouds
78,Vila Franca Do Campo,PT,37.7167,-25.4333,63.19,83,70,12.88,light rain
79,Urengoy,RU,65.9667,78.3667,13.51,90,42,13.33,scattered clouds
80,Bambous Virieux,MU,-20.3428,57.7575,75.45,88,40,10.36,light rain
81,Talbahat,IN,25.05,78.4333,56.53,48,0,2.01,clear sky
82,Faanui,PF,-16.4833,-151.75,79.61,77,68,16.67,light rain
83,Qaanaaq,GL,77.484,-69.3632,33.04,82,100,14.99,overcast clouds
84,Hermanus,ZA,-34.4187,19.2345,55.8,66,98,3.2,overcast clouds
85,Buritis,BR,-15.6178,-46.4233,73.53,89,100,3.42,moderate rain
86,Gorzow Wielkopolski,PL,52.7368,15.2288,40.39,84,100,1.01,overcast clouds
87,Barrow,US,71.2906,-156.7887,30.22,86,75,21.85,broken clouds
88,Sakakah,SA,29.9697,40.2064,60.37,64,18,8.05,few clouds
89,Champerico,GT,14.3,-91.9167,91.94,72,4,5.73,clear sky
90,Tiksi,RU,71.6872,128.8694,-12.96,97,100,12.08,overcast clouds
91,Thessalon,CA,46.2501,-83.5666,35.89,66,100,13.69,overcast clouds
92,Ponta Do Sol,PT,32.6667,-17.1,66.83,77,99,2.93,overcast clouds
93,Norman,US,35.2226,-97.4395,74.17,47,0,14.97,clear sky
94,Broken Hill,AU,-31.95,141.4333,62.4,44,82,12.08,broken clouds
95,Chuy,UY,-33.6971,-53.4616,72.9,66,0,9.75,clear sky
96,Norrtalje,SE,59.758,18.705,33.03,86,78,5.03,broken clouds
97,Cherskiy,RU,68.75,161.3,-15.77,90,100,6.42,overcast clouds
98,Geraldton,AU,-28.7667,114.6,68.41,88,100,13.8,overcast clouds
99,Puerto Ayora,EC,-0.7393,-90.3518,76.96,88,55,5.01,broken clouds
100,Kiunga,PG,-6.1219,141.2906,72.43,99,100,1.83,overcast clouds
101,Muhos,FI,64.808,25.9931,29.98,87,100,11.99,overcast clouds
102,Geilo,NO,60.5333,8.2076,25.56,89,100,4.83,overcast clouds
103,Provideniya,RU,64.3833,-173.3,32.36,80,100,27.0,snow
104,Upernavik,GL,72.7868,-56.1549,25.9,86,30,10.71,scattered clouds
105,Bubaque,GW,11.2833,-15.8333,80.6,70,70,8.79,light rain
106,East London,ZA,-33.0153,27.9116,60.82,85,5,9.71,clear sky
107,Lubu,CN,23.1742,112.2809,45.07,86,0,2.82,clear sky
108,Airai,TL,-8.9266,125.4092,58.44,71,83,1.63,broken clouds
109,Norman Wells,CA,65.282,-126.8329,-20.16,69,75,11.5,broken clouds
110,Verkhnyaya Toyma,RU,62.2349,44.9985,14.99,92,95,5.75,overcast clouds
111,San Cristobal,VE,7.7669,-72.225,71.78,81,60,3.6,broken clouds
112,Castro,BR,-24.7911,-50.0119,71.89,86,67,4.5,broken clouds
113,Mangai,CD,-4.05,19.5333,68.25,95,57,2.1,broken clouds
114,Taltal,CL,-25.4,-70.4833,68.49,67,23,5.95,few clouds
115,Ushuaia,AR,-54.8,-68.3,47.86,46,75,25.32,light rain
116,Weligama,LK,5.9667,80.4167,75.24,87,100,1.28,overcast clouds
117,Kahului,US,20.8947,-156.47,82.42,66,20,11.5,few clouds
118,Tarata,BO,-17.6167,-66.0167,69.22,24,84,20.69,broken clouds
119,Youghal,IE,51.95,-7.8506,42.55,100,100,18.1,overcast clouds
120,Lagoa,PT,39.05,-27.9833,61.21,68,100,10.92,light rain
121,Tessalit,ML,20.1986,1.0114,78.3,15,83,9.84,broken clouds
122,Tuktoyaktuk,CA,69.4541,-133.0374,-14.8,64,75,23.02,broken clouds
123,Olinda,BR,-8.0089,-34.8553,78.53,78,75,4.61,broken clouds
124,Mananara,MG,-16.1667,49.7667,73.35,88,62,3.96,broken clouds
125,New Norfolk,AU,-42.7826,147.0587,53.92,59,90,1.99,overcast clouds
126,Chokurdakh,RU,70.6333,147.9167,-35.12,99,40,7.7,scattered clouds
127,Mananjary,MG,-21.2167,48.3333,74.05,90,93,7.54,overcast clouds
128,Sitka,US,57.0531,-135.33,37.29,75,100,8.05,overcast clouds
129,Bukachacha,RU,52.9833,116.9167,5.67,78,100,6.04,overcast clouds
130,Takoradi,GH,4.8845,-1.7554,79.86,85,59,8.34,broken clouds
131,Walvis Bay,NA,-22.9575,14.5053,59.95,67,0,6.91,clear sky
132,Chara,RU,56.9064,118.2631,-3.17,75,100,5.46,overcast clouds
133,Ostrovnoy,RU,68.0531,39.5131,20.12,89,33,22.66,scattered clouds
134,Gamba,GA,-2.65,10.0,77.88,91,98,5.17,overcast clouds
135,Ahipara,NZ,-35.1667,173.1667,66.9,69,100,6.08,overcast clouds
136,Pierre,US,44.3683,-100.351,25.72,75,100,8.05,overcast clouds
137,Mount Isa,AU,-20.7333,139.5,71.37,53,0,0.0,clear sky
138,Carnarvon,AU,-24.8667,113.6333,69.15,75,67,15.99,broken clouds
139,San Patricio,US,28.017,-97.5169,82.49,58,68,14.12,broken clouds
140,Ancud,CL,-41.8697,-73.8203,56.53,97,99,15.86,light rain
141,Vanimo,PG,-2.6741,141.3028,77.45,89,100,3.83,light rain
142,Los Llanos De Aridane,ES,28.6585,-17.9182,64.15,85,40,7.0,scattered clouds
143,Waingapu,ID,-9.6567,120.2641,77.5,83,100,1.95,overcast clouds
144,Pindiga,NG,9.9833,10.9333,74.26,17,23,8.16,few clouds
145,Katsuura,JP,35.1333,140.3,44.62,91,100,19.26,overcast clouds
146,Kavieng,PG,-2.5744,150.7967,81.21,78,99,4.85,overcast clouds
147,Slave Lake,CA,55.2834,-114.769,-2.22,60,40,13.8,scattered clouds
148,Montrose,US,38.4166,-108.2673,39.52,65,100,18.86,overcast clouds
149,Zaranj,AF,30.9667,61.8833,42.76,52,59,12.01,broken clouds
150,Suarez,CO,2.954,-76.6964,72.72,82,79,3.94,broken clouds
151,Stromness,GB,58.965,-3.296,42.76,59,100,21.41,overcast clouds
152,Camacha,PT,33.0833,-16.3333,60.22,77,20,2.3,light rain
153,Manggar,ID,-2.8833,108.2667,78.46,83,100,2.51,overcast clouds
154,Jiuquan,CN,39.7432,98.5174,19.09,72,100,4.47,overcast clouds
155,Amapa,BR,1.0,-52.0,75.16,86,100,1.1,overcast clouds
156,Diamantino,BR,-14.4086,-56.4461,75.94,89,100,6.15,light rain
157,Hithadhoo,MV,-0.6,73.0833,81.19,76,100,8.5,overcast clouds
158,Bandeirantes,BR,-23.11,-50.3675,75.51,87,83,1.52,broken clouds
159,Avera,US,33.194,-82.5271,53.38,95,100,5.91,overcast clouds
160,Yumen,CN,40.2833,97.2,15.49,87,100,4.74,overcast clouds
161,Saskylakh,RU,71.9167,114.0833,-12.24,92,100,18.32,overcast clouds
162,Araouane,ML,18.9048,-3.5265,81.75,16,100,5.48,overcast clouds
163,Bac Lieu,VN,9.285,105.7244,78.31,87,91,13.67,overcast clouds
164,Ayorou,NE,14.7308,0.9174,85.66,17,99,10.2,overcast clouds
165,Tasiilaq,GL,65.6145,-37.6368,26.76,63,33,6.98,scattered clouds
166,Sain Alto,MX,23.5833,-103.25,74.28,23,82,2.01,broken clouds
167,Eyl,SO,7.9803,49.8164,77.72,72,100,16.58,overcast clouds
168,Marion,US,39.7684,-86.1555,45.55,56,100,8.05,overcast clouds
169,Porbandar,IN,21.6422,69.6093,70.83,39,0,10.6,clear sky
170,Sangmelima,CM,2.9333,11.9833,71.69,78,41,1.05,scattered clouds
171,Nakhon Nayok,TH,14.1667,101.1,72.88,77,100,5.1,overcast clouds
172,Guangzhou,CN,23.1167,113.25,51.75,67,19,10.89,few clouds
173,Georgetown,MY,5.4112,100.3354,81.23,90,40,2.3,thunderstorm
174,Sarkhej,IN,22.9833,72.5,69.93,68,0,2.3,haze
175,Burns Lake,CA,54.2331,-125.7533,11.62,81,39,2.8,scattered clouds
176,Chiredzi,ZW,-21.05,31.6667,79.86,50,35,9.93,scattered clouds
177,Mawlaik,MM,23.6333,94.4167,64.33,93,1,1.3,clear sky
178,Ustka,PL,54.5805,16.8619,33.66,88,100,5.01,overcast clouds
179,Port Alfred,ZA,-33.5906,26.891,58.17,94,0,1.99,clear sky
180,Kruisfontein,ZA,-34.0033,24.7314,57.88,90,1,7.76,clear sky
181,Saint-Augustin,CA,51.226,-58.6502,21.74,84,7,4.38,clear sky
182,Quatre Cocos,MU,-20.2078,57.7625,75.31,80,53,13.4,light rain
183,Saint Anthony,US,45.0205,-93.218,29.8,61,100,12.66,overcast clouds
184,Langham,CA,52.3668,-106.9679,-9.56,92,91,2.51,overcast clouds
185,Kamphaeng Phet,TH,16.25,99.5,75.02,82,100,3.91,overcast clouds
186,Port Augusta,AU,-32.5,137.7667,67.51,40,100,5.59,overcast clouds
187,Constitucion,CL,-35.3333,-72.4167,64.98,62,7,17.22,clear sky
188,Santiago Del Estero,AR,-27.7951,-64.2615,102.72,13,0,10.4,clear sky
189,Verin,ES,41.9415,-7.4381,47.57,94,100,0.69,overcast clouds
190,Toora-Khem,RU,52.4675,96.11,-23.42,100,16,0.54,few clouds
191,Sterling,US,39.0062,-77.4286,48.94,50,40,10.36,scattered clouds
192,Baykit,RU,61.67,96.37,1.2,96,90,5.75,overcast clouds
193,Phangnga,TH,8.4509,98.5298,75.24,95,81,4.18,broken clouds
194,The Valley,AI,18.217,-63.0578,80.46,73,20,8.05,few clouds
195,Leningradskiy,RU,69.3833,178.4167,-16.02,91,4,5.06,clear sky
196,Wanaka,NZ,-44.7,169.15,61.11,54,87,4.0,overcast clouds
197,Taunggyi,MM,20.7833,97.0333,55.08,91,8,2.17,clear sky
198,Milkovo,RU,54.7167,158.6167,4.23,88,72,8.95,broken clouds
199,Bay Roberts,CA,47.5999,-53.2648,40.51,96,100,1.01,overcast clouds
200,Shimoda,JP,34.6667,138.95,46.11,90,100,14.0,overcast clouds
201,Shirokiy,RU,49.758,129.523,-1.41,92,88,8.23,overcast clouds
202,Zyryanka,RU,65.75,150.85,-49.32,98,35,4.85,scattered clouds
203,Pangody,RU,65.85,74.4859,4.57,96,45,8.59,scattered clouds
204,Haines Junction,CA,60.7522,-137.5108,15.06,95,96,1.45,overcast clouds
205,Hibbing,US,47.4272,-92.9377,16.95,41,100,12.66,overcast clouds
206,Thompson,CA,55.7435,-97.8558,-18.24,69,40,9.22,scattered clouds
207,Marihatag,PH,8.7936,126.2969,77.54,87,100,2.93,overcast clouds
208,Mayo,US,38.8876,-76.5119,50.11,54,0,9.22,clear sky
209,Mount Gambier,AU,-37.8333,140.7667,53.55,69,22,6.87,few clouds
210,Codrington,AU,-38.2667,141.9667,55.94,69,11,12.08,few clouds
211,Araceli,PH,10.5529,119.9913,82.65,75,96,15.68,overcast clouds
212,Moron,AR,-34.6534,-58.6198,96.06,54,0,11.16,clear sky
213,Kavaratti,IN,10.5669,72.642,81.19,74,50,2.28,scattered clouds
214,Brandenburg,DE,52.4167,12.55,39.9,98,100,4.36,overcast clouds
215,Kropotkin,RU,45.4375,40.5756,25.3,73,6,19.57,clear sky
216,Bud,US,39.447,-86.1758,45.19,62,100,7.14,overcast clouds
217,Cayenne,GF,4.9333,-52.3333,80.64,83,75,3.44,heavy intensity rain
218,Mahebourg,MU,-20.4081,57.7,75.49,88,40,10.36,light rain
219,Saldanha,ZA,-33.0117,17.9442,60.85,77,97,14.25,overcast clouds
220,Budogoshch,RU,59.2816,32.4707,17.83,92,100,7.0,overcast clouds
221,Buin,CL,-33.7333,-70.75,88.05,19,0,13.18,clear sky
222,Gazanjyk,TM,39.2446,55.5154,25.34,48,0,8.59,clear sky
223,Stolin,BY,51.8912,26.846,23.22,86,98,12.1,overcast clouds
224,Mumford,GH,5.2618,-0.759,79.63,87,51,8.14,broken clouds
225,Karratha,AU,-20.7377,116.8463,80.37,44,2,12.35,clear sky
226,Biltine,TD,14.5333,20.9167,72.37,20,1,13.24,clear sky
227,Hofn,IS,64.2539,-15.2082,36.54,63,28,7.49,scattered clouds
228,Torbay,CA,47.6666,-52.7314,40.26,96,100,0.0,overcast clouds
229,Chake Chake,TZ,-5.2459,39.7666,76.55,83,84,4.65,broken clouds
230,Vardo,NO,70.3705,31.1107,28.38,80,100,8.05,light snow
231,Lander,US,42.833,-108.7307,40.01,24,0,13.8,clear sky
232,Agadez,NE,19.75,10.25,73.18,19,99,4.72,overcast clouds
233,Conakry,GN,9.538,-13.6773,82.2,74,12,5.44,few clouds
234,Luohe,CN,33.5717,114.0353,34.09,65,7,5.86,clear sky
235,La Carlota,PH,10.4233,122.9208,76.01,85,60,6.02,broken clouds
236,Charters Towers,AU,-20.1,146.2667,75.24,61,0,10.89,clear sky
237,Tiarei,PF,-17.5333,-149.3333,84.22,79,35,15.1,light rain
238,Nome,US,64.5011,-165.4064,30.27,86,100,16.11,overcast clouds
239,Hamilton,US,39.1834,-84.5333,47.93,56,100,8.05,overcast clouds
240,Antalaha,MG,-14.9003,50.2788,75.22,78,43,7.67,scattered clouds
241,Dikson,RU,73.5069,80.5464,23.5,96,100,13.27,overcast clouds
242,Somova,RO,45.1833,28.6667,37.69,70,75,6.91,broken clouds
243,San Policarpo,PH,12.1791,125.5072,79.66,76,100,9.1,overcast clouds
244,Chino Valley,US,34.7575,-112.4538,57.72,53,75,11.5,broken clouds
245,Annau,TM,37.8876,58.516,27.9,64,100,4.61,overcast clouds
246,Gat,IL,31.61,34.7642,62.4,100,16,1.97,few clouds
247,Urumqi,CN,43.801,87.6005,11.35,67,0,4.47,clear sky
248,Necochea,AR,-38.5473,-58.7368,93.72,25,6,16.06,clear sky
249,Tadine,NC,-21.55,167.8833,79.92,85,100,9.89,overcast clouds
250,Tahe,CN,52.3333,124.7333,-7.58,98,93,2.8,overcast clouds
251,Jeremie,HT,18.65,-74.1167,79.77,61,7,8.93,clear sky
252,Mahon,ES,39.8885,4.2658,57.76,82,0,5.75,clear sky
253,Savannah Bight,HN,16.45,-85.85,81.73,59,2,11.61,clear sky
254,College,US,64.8569,-147.8028,17.58,90,75,0.0,broken clouds
255,Alofi,NU,-19.0595,-169.9187,80.49,89,75,10.36,light rain
256,Sembakung,ID,3.8167,117.25,72.48,99,63,1.59,broken clouds
257,Havre-Saint-Pierre,CA,50.2334,-63.5986,32.0,74,75,9.22,broken clouds
258,Te Anau,NZ,-45.4167,167.7167,48.13,97,100,3.76,overcast clouds
259,Kaeo,NZ,-35.1,173.7833,64.42,78,100,6.06,overcast clouds
260,Vila,PT,42.0304,-8.1588,43.68,89,100,3.49,overcast clouds
261,Sligo,IE,54.2697,-8.4694,40.93,81,100,10.36,overcast clouds
262,Pangnirtung,CA,66.1451,-65.7125,21.2,93,100,11.5,snow
263,Bengkulu,ID,-3.8004,102.2655,73.98,91,100,2.86,overcast clouds
264,Sombrerete,MX,23.6333,-103.65,71.31,25,67,2.82,broken clouds
265,Esperance,AU,-33.8667,121.9,60.33,83,100,4.36,overcast clouds
266,Varhaug,NO,58.6147,5.6457,36.9,77,34,8.77,scattered clouds
267,Homer,US,59.6425,-151.5483,38.77,99,100,0.0,light rain
268,Gushi,CN,34.6425,109.5843,35.94,56,93,2.08,overcast clouds
269,Ambatofinandrahana,MG,-20.55,46.8,60.62,96,100,3.11,overcast clouds
270,Lingao,CN,19.9103,109.6859,62.35,88,100,11.63,overcast clouds
271,Askim,NO,59.5833,11.1629,23.41,93,49,2.71,scattered clouds
272,Rincon,US,32.296,-81.2354,64.36,72,75,10.36,broken clouds
273,Sabratah,LY,32.7933,12.4885,64.89,48,2,1.9,clear sky
274,Fort Nelson,CA,58.8053,-122.7002,-4.05,59,20,3.44,few clouds
275,Maningrida,AU,-12.0667,134.2667,80.89,69,94,0.6,overcast clouds
276,Cascais,PT,38.6979,-9.4215,59.5,91,65,5.01,broken clouds
277,Surovikino,RU,48.6078,42.8486,18.1,52,25,6.62,scattered clouds
278,Chirilagua,SV,13.2203,-88.1386,87.53,36,24,3.6,few clouds
279,Joshimath,IN,30.5667,79.5667,46.67,15,17,8.46,few clouds
280,Pevek,RU,69.7008,170.3133,-21.51,82,23,4.79,few clouds
281,Cabo San Lucas,MX,22.8909,-109.9124,85.51,55,20,4.61,few clouds
282,Vestmannaeyjar,IS,63.4427,-20.2734,40.66,68,38,4.21,scattered clouds
283,Ribeira Grande,PT,38.5167,-28.7,63.0,72,40,14.97,light rain
284,Yulara,AU,-25.2406,130.9889,80.71,17,9,7.78,clear sky
285,Moose Factory,CA,51.2585,-80.6094,8.6,66,20,11.5,few clouds
286,Benghazi,LY,32.1167,20.0667,67.06,56,30,6.4,scattered clouds
287,Kundiawa,PG,-6.0167,144.9667,63.45,98,100,0.83,overcast clouds
288,Esso,RU,55.9333,158.7,-1.12,95,92,6.82,overcast clouds
289,Adrar,MR,20.5022,-10.0711,77.31,21,5,5.12,clear sky
290,Port Blair,IN,11.6667,92.75,80.58,83,100,20.76,overcast clouds
291,Teya,RU,60.3778,92.6267,-2.58,99,100,5.26,overcast clouds
292,Saint George,US,37.1041,-113.5841,59.43,54,20,4.0,few clouds
293,La Macarena,CO,2.1837,-73.7849,84.51,58,94,4.72,overcast clouds
294,San Miguel,SV,13.4833,-88.1833,90.86,34,46,3.42,scattered clouds
295,Pangkalanbuun,ID,-2.6833,111.6167,73.54,98,99,1.34,light rain
296,Pietarsaari,FI,63.65,22.6833,30.88,83,100,21.97,overcast clouds
297,Vostok,RU,46.4856,135.8833,-7.31,98,42,5.86,scattered clouds
298,Ziro,IN,27.6333,93.8333,41.88,68,46,1.97,scattered clouds
299,Dingle,PH,10.9995,122.6711,73.47,93,35,7.61,scattered clouds
300,Mae Sai,TH,20.4335,99.8762,65.28,96,39,1.7,scattered clouds
301,Christchurch,NZ,-43.5333,172.6333,69.33,46,37,8.05,scattered clouds
302,San Quintin,MX,30.4833,-115.95,65.17,70,0,20.0,clear sky
303,Peiting,DE,47.8,10.9333,33.71,88,100,1.63,overcast clouds
304,Teguldet,RU,57.3064,88.1667,-0.9,95,100,6.55,overcast clouds
305,Ilawe,NG,7.8667,4.4333,76.69,43,59,2.68,broken clouds
306,Flinders,AU,-34.5833,150.8552,65.25,91,47,9.17,scattered clouds
307,Anloga,GH,5.7947,0.8973,81.61,82,42,11.34,scattered clouds
308,Hambantota,LK,6.1241,81.1185,73.74,100,20,2.3,few clouds
309,Sinnar,SD,13.5691,33.5672,80.49,33,9,10.69,clear sky
310,Talaya,RU,61.3833,152.75,-43.42,99,59,0.96,broken clouds
311,Tianmen,CN,30.6516,113.1603,39.7,77,60,0.74,broken clouds
312,Yinchuan,CN,38.4681,106.2731,25.45,36,100,4.25,overcast clouds
313,Sola,VU,-13.8833,167.55,84.87,79,75,0.0,broken clouds
314,Filingue,NE,14.3521,3.3168,83.79,17,98,10.87,overcast clouds
315,Itaituba,BR,-4.2761,-55.9836,87.96,66,20,3.44,few clouds
316,Jacksonville,US,30.3322,-81.6556,76.1,70,75,9.22,broken clouds
317,Mehran,IR,33.1222,46.1646,60.39,58,2,2.06,clear sky
318,High Level,CA,58.5169,-117.136,-11.09,53,0,12.66,clear sky
319,Iqaluit,CA,63.7506,-68.5145,8.33,78,75,0.0,broken clouds
320,Shorapur,IN,16.5167,76.75,67.69,48,100,5.37,overcast clouds
321,Mocuba,MZ,-16.8392,36.9856,76.62,69,2,3.24,clear sky
322,Atar,MR,20.5169,-13.0499,76.53,18,7,5.12,clear sky
323,Buxar,IN,25.5833,83.9833,55.85,51,0,6.62,clear sky
324,Calabozo,VE,8.9242,-67.4293,89.24,44,61,1.57,broken clouds
325,Santa Rosalia,MX,27.3167,-112.2833,70.75,58,100,2.24,overcast clouds
326,Vestmanna,FO,62.1564,-7.1664,38.32,65,75,17.27,broken clouds
327,Brae,GB,60.3964,-1.353,42.84,68,100,20.8,overcast clouds
328,Kutum,SD,14.2,24.6667,62.33,23,11,12.64,few clouds
329,Isangel,VU,-19.55,169.2667,86.11,84,20,3.44,few clouds
330,Palmer,US,42.1584,-72.3287,45.01,56,75,8.05,broken clouds
331,Noumea,NC,-22.2763,166.4572,81.0,99,100,1.63,light rain
332,Zhezkazgan,KZ,47.8043,67.7144,1.35,95,98,4.61,overcast clouds
333,Aketi,CD,2.7388,23.7833,69.8,99,61,2.8,broken clouds
334,Mangrol,IN,21.1167,70.1167,69.42,39,0,12.19,clear sky
335,Tual,ID,-5.6667,132.75,82.26,70,98,4.43,overcast clouds
336,Nouadhibou,MR,20.931,-17.0347,69.78,73,6,10.36,clear sky
337,Sarakhs,IR,36.5449,61.1577,32.5,54,12,4.29,few clouds
338,Venustiano Carranza,MX,19.43,-99.0992,77.09,27,0,4.61,clear sky
339,Wairoa,NZ,-39.0333,177.3667,71.55,50,77,5.01,broken clouds
340,Abu Samrah,SY,35.3029,37.1841,54.0,71,2,3.24,clear sky
341,Lavrentiya,RU,65.5833,-171.0,29.7,91,100,20.11,light snow
342,Tuatapere,NZ,-46.1333,167.6833,48.07,87,98,4.79,overcast clouds
343,Tautira,PF,-17.7333,-149.15,78.67,78,51,15.43,light rain
344,Mayumba,GA,-3.432,10.6554,77.65,91,100,5.08,light rain
345,Changping,CN,40.2186,116.2197,10.04,23,0,5.66,clear sky
346,Dolores,AR,-36.3132,-57.6792,83.89,40,0,17.6,clear sky
347,Laguna,US,38.421,-121.4238,61.14,69,20,12.66,few clouds
348,Rio Gallegos,AR,-51.6226,-69.2181,57.25,23,75,21.85,broken clouds
349,Katobu,ID,-4.9408,122.5276,73.72,94,87,2.51,overcast clouds
350,Meulaboh,ID,4.1363,96.1285,73.87,93,100,4.09,overcast clouds
351,Mackay,AU,-21.15,149.2,78.67,76,0,6.8,clear sky
352,Bako,ET,5.7833,36.5667,65.89,70,84,4.05,light rain
353,La Ronge,CA,55.1001,-105.2842,-10.95,58,100,8.05,light snow
354,Naze,JP,28.3667,129.4833,58.12,72,99,19.86,overcast clouds
355,Victoria,HK,22.2855,114.1577,61.25,73,66,11.99,broken clouds
356,Iquitos,PE,-3.7481,-73.2472,87.84,58,40,4.61,light rain
357,Dingzhou,CN,38.5131,114.9956,17.71,34,0,4.79,clear sky
358,Uyuni,BO,-20.4597,-66.825,61.12,23,97,18.63,overcast clouds
359,Bambanglipuro,ID,-7.95,110.2833,75.52,93,100,3.85,overcast clouds
360,Nanortalik,GL,60.1432,-45.2371,33.78,76,95,16.04,overcast clouds
361,Kerema,PG,-7.9631,145.7785,78.04,80,82,2.77,broken clouds
362,Poum,NC,-20.2333,164.0167,79.65,85,100,14.81,overcast clouds
363,Meadow Lake,US,34.8014,-106.5436,62.31,50,20,15.41,few clouds
364,Strezhevoy,RU,60.7333,77.5889,6.64,96,97,7.72,overcast clouds
365,Fairbanks,US,64.8378,-147.7164,17.6,89,100,0.0,overcast clouds
366,Susuman,RU,62.7833,148.1667,-54.22,99,83,0.31,broken clouds
367,Namibe,AO,-15.1961,12.1522,70.59,78,16,5.03,few clouds
368,Santa Maria,BR,-29.6842,-53.8069,85.3,58,20,12.66,few clouds
369,Baruun-Urt,MN,46.6806,113.2792,2.32,73,2,14.36,clear sky
370,Bathsheba,BB,13.2167,-59.5167,81.21,80,40,4.61,scattered clouds
371,Marsa Matruh,EG,31.3525,27.2453,62.33,77,0,2.55,clear sky
372,Nyrob,RU,60.733,56.7202,1.69,98,99,3.22,overcast clouds
373,Rochegda,RU,62.8,43.25,14.68,94,95,6.76,overcast clouds
374,Aranos,NA,-24.1333,19.1167,72.52,12,2,4.54,clear sky
375,Bereznik,RU,62.8551,42.7072,14.72,94,85,6.78,overcast clouds
376,Santa Vitoria Do Palmar,BR,-33.5189,-53.3681,72.99,66,0,9.64,clear sky
377,Omaha,US,41.2586,-95.9378,43.27,57,75,16.11,broken clouds
378,Pundaguitan,PH,6.3711,126.1689,80.65,79,93,11.41,overcast clouds
379,Siguiri,GN,11.6667,-9.5,83.97,38,94,2.59,overcast clouds
380,Ust-Kuyga,RU,70.0167,135.6,-26.55,100,100,3.42,overcast clouds
381,Bandarbeyla,SO,9.4942,50.8122,77.58,74,16,19.22,few clouds
382,Sosnovo-Ozerskoye,RU,52.5249,111.5418,9.7,80,100,23.38,overcast clouds
383,Pemangkat,ID,1.1667,108.9667,76.23,90,18,4.61,few clouds
384,Kasongo-Lunda,CD,-6.4667,16.8167,69.22,94,92,1.28,overcast clouds
385,Ubinskoye,RU,55.3068,79.6802,-8.34,99,72,0.98,broken clouds
386,Darhan,MN,49.4867,105.9228,-6.81,88,8,6.6,clear sky
387,Asau,RO,46.4333,26.4,29.32,99,100,3.06,overcast clouds
388,Garissa,KE,-0.4536,39.6401,80.76,62,95,7.0,overcast clouds
389,Shizunai,JP,42.3339,142.3669,30.58,60,80,5.91,broken clouds
390,Reforma,MX,18.1,-91.0167,84.15,56,15,1.16,few clouds
391,Vila Velha,BR,-20.3297,-40.2925,76.95,86,20,12.66,few clouds
392,Skjervoy,NO,70.0311,20.9714,32.0,100,100,9.78,light snow
393,Gamboma,CG,-1.8764,15.8644,73.33,85,93,3.15,overcast clouds
394,Nguru,NG,12.8791,10.4526,73.8,16,6,10.04,clear sky
395,Fatehgarh,IN,27.3667,79.6333,57.92,45,0,5.73,clear sky
396,Yambio,SS,4.5721,28.3955,71.08,76,21,4.83,few clouds
397,Arrecife,ES,28.963,-13.5477,66.18,77,20,3.44,few clouds
398,Castlerea,IE,53.7667,-8.5,41.63,86,100,11.88,overcast clouds
399,Pekan,MY,3.4836,103.3996,78.96,89,98,4.45,overcast clouds
400,Gelibolu,TR,40.4103,26.6708,51.66,86,99,8.32,overcast clouds
401,Ketchikan,US,55.3422,-131.6461,35.58,86,40,3.44,scattered clouds
402,Xacmaz,AZ,41.4635,48.806,34.75,93,97,3.31,light snow
403,Presidente Medici,BR,-11.1753,-61.9014,73.54,97,100,2.53,overcast clouds
404,Kendari,ID,-3.945,122.4989,75.45,92,100,4.0,overcast clouds
405,Pacifica,US,37.6138,-122.4869,61.83,74,75,13.8,broken clouds
406,Srednekolymsk,RU,67.45,153.6833,-38.2,100,100,1.7,overcast clouds
407,Natal,BR,-5.795,-35.2094,81.25,78,75,13.8,broken clouds
408,Bethel,US,41.3712,-73.414,44.94,48,0,3.44,clear sky
409,Arbazh,RU,57.6804,48.3065,-4.23,97,26,4.59,scattered clouds
410,Lorengau,PG,-2.0226,147.2712,79.16,81,100,3.47,overcast clouds
411,Port Lincoln,AU,-34.7333,135.8667,59.97,68,100,14.25,overcast clouds
412,Anage,BR,-14.6122,-41.1356,70.79,91,100,5.95,overcast clouds
413,Powell River,CA,49.8496,-124.5361,40.08,100,100,2.3,overcast clouds
414,Moses Lake,US,47.1301,-119.2781,26.96,68,100,4.61,overcast clouds
415,Petropavlovsk-Kamchatskiy,RU,53.0452,158.6483,3.79,72,40,6.71,scattered clouds
416,Zhigansk,RU,66.7697,123.3711,-19.39,98,100,2.15,overcast clouds
417,Fare,PF,-16.7,-151.0167,79.39,77,5,18.48,clear sky
418,Waipawa,NZ,-41.4122,175.5153,62.44,56,1,13.18,clear sky
419,Dalvik,IS,65.9702,-18.5286,24.73,78,96,0.94,overcast clouds
420,Qaqortoq,GL,60.7167,-46.0333,27.88,71,66,11.92,broken clouds
421,Ginda,IN,30.6945,78.4932,45.3,15,72,7.31,broken clouds
422,Ngunguru,NZ,-35.6167,174.5,62.76,75,100,4.52,overcast clouds
423,Salalah,OM,17.0151,54.0924,73.49,60,0,3.44,clear sky
424,Pilar,BR,-9.5972,-35.9567,75.13,93,39,6.06,scattered clouds
425,Marawi,PH,7.9986,124.2928,67.03,93,88,1.81,overcast clouds
426,Ulaanbaatar,MN,47.9077,106.8832,-23.67,69,0,2.24,clear sky
427,San Jose,US,37.3394,-121.895,62.87,71,75,11.01,broken clouds
428,Kosai,JP,34.7105,137.5316,45.93,70,74,9.53,broken clouds
429,Kaliua,TZ,-5.0606,31.7936,63.95,92,95,5.03,overcast clouds
430,Bershet,RU,57.7309,56.3783,16.86,99,57,2.35,broken clouds
431,Alice Springs,AU,-23.7,133.8833,69.35,37,1,2.3,clear sky
432,Mao,ES,39.8885,4.2658,57.76,82,0,5.75,clear sky
433,Andenes,NO,69.3143,16.1194,37.92,87,75,28.77,moderate rain
434,Jaumave,MX,23.4167,-99.3833,85.44,25,2,5.77,clear sky
435,Usevya,TZ,-7.1,31.2333,64.9,95,85,3.67,overcast clouds
436,Tarapur,IN,19.85,72.7,75.72,73,22,7.4,few clouds
437,Talavera,PH,15.6167,120.9333,73.63,86,79,3.18,broken clouds
438,Itoman,JP,26.1247,127.6694,66.22,88,75,21.85,broken clouds
439,Emerald,AU,-23.5333,148.1667,75.34,67,0,6.58,clear sky
440,Praia,CV,14.9215,-23.5087,73.94,64,75,10.36,broken clouds
441,Lasa,IT,46.6166,10.7002,34.68,93,74,6.33,broken clouds
442,Lgov,RU,51.6307,35.2775,19.0,52,58,9.55,broken clouds
443,Turan,VN,16.0678,108.2208,73.38,88,75,1.14,broken clouds
444,Touros,BR,-5.1989,-35.4608,79.61,73,23,12.73,few clouds
445,Huarmey,PE,-10.0681,-78.1522,70.47,75,17,8.63,few clouds
446,Kathmandu,NP,27.7167,85.3167,48.42,87,20,2.3,few clouds
447,Jambi,ID,-1.6,103.6167,73.67,97,98,1.21,overcast clouds
448,Seoul,KR,37.5683,126.9778,31.44,69,75,8.05,light snow
449,Gushikawa,JP,26.3544,127.8686,65.43,95,0,13.8,light intensity shower rain
450,Bethanien,NA,-26.502,17.1583,62.82,39,0,8.37,clear sky
451,Kibiti,TZ,-7.7218,38.9375,70.92,98,100,3.29,overcast clouds
452,Garden City,US,42.3256,-83.331,44.06,45,100,6.91,overcast clouds
453,Buala,SB,-8.145,159.5921,82.51,78,100,6.71,overcast clouds
454,Ixtapa,MX,20.7,-105.2,82.22,69,0,8.05,clear sky
455,Berlevag,NO,70.8578,29.0864,35.6,86,100,8.05,light snow
456,Aktash,RU,50.3,87.7333,-14.58,92,31,3.83,scattered clouds
457,Jalu,LY,29.0331,21.5482,63.77,36,2,8.5,clear sky
458,Silver City,US,32.7701,-108.2803,60.76,64,40,16.11,scattered clouds
459,Saint-Pierre,RE,-21.3393,55.4781,74.88,64,0,4.61,clear sky
460,Usinsk,RU,65.9939,57.5281,1.76,95,74,14.88,broken clouds
461,Navalmoral De La Mata,ES,39.8916,-5.5406,54.95,96,100,6.31,overcast clouds
462,Yar-Sale,RU,66.8333,70.8333,-0.92,99,14,5.53,few clouds
463,Fukue,JP,32.6881,128.8419,49.77,58,6,19.37,clear sky
464,Mahalapye,BW,-23.1041,26.8142,71.89,65,49,9.4,scattered clouds
465,Borogontsy,RU,62.6683,131.1683,-27.27,100,99,1.41,overcast clouds
466,Mishawaka,US,41.662,-86.1586,43.16,55,100,5.75,overcast clouds
467,Matagami,CA,49.7502,-77.6328,15.91,79,100,2.3,overcast clouds
468,Zemio,CF,5.0314,25.1361,73.62,69,75,2.44,broken clouds
469,Kamaishi,JP,39.2667,141.8833,38.3,64,96,1.3,overcast clouds
470,Colac,AU,-38.3333,143.5833,54.18,70,81,4.52,broken clouds
471,Chiang Kham,TH,19.5233,100.3,66.76,95,91,1.81,overcast clouds
472,Mandera,KE,3.9366,41.867,84.94,36,71,9.33,broken clouds
473,Ola,RU,59.5833,151.2833,-13.41,93,36,6.96,scattered clouds
474,Povenets,RU,62.8487,34.8262,22.6,91,100,10.42,overcast clouds
475,Yakima,US,46.4665,-120.6678,31.69,86,100,1.01,overcast clouds
476,Saint-Philippe,RE,-21.3585,55.7679,74.79,79,99,9.89,overcast clouds
477,Marzuq,YE,14.4,46.4667,60.33,54,2,2.68,clear sky
478,Hasaki,JP,35.7333,140.8333,42.22,86,100,26.31,light rain
479,Haverfordwest,GB,51.8017,-4.9691,46.58,85,100,1.99,overcast clouds
480,Praia Da Vitoria,PT,38.7333,-27.0667,60.76,88,75,9.53,light rain
481,Plouzane,FR,48.3833,-4.6167,37.58,87,0,9.22,clear sky
482,Liepaja,LV,56.5419,21.0367,26.58,100,100,3.44,mist
483,Atherton,GB,53.5237,-2.4935,42.89,84,68,3.0,broken clouds
484,Knyaginino,RU,55.8228,45.0349,4.98,91,82,5.46,broken clouds
485,Honiara,SB,-9.4333,159.95,83.53,72,89,2.98,overcast clouds
486,Broome,US,42.2506,-75.833,40.91,49,0,6.91,clear sky
487,Khartoum,SD,15.5518,32.5324,78.03,31,1,1.99,clear sky
488,Palasa,IN,18.7667,84.4167,66.2,75,51,3.15,broken clouds
489,Clinton,US,42.587,-82.9199,43.12,50,100,6.91,overcast clouds
490,Lae,PG,-6.7221,146.9847,75.87,71,97,3.89,overcast clouds
491,Maniitsoq,GL,65.4167,-52.9,36.09,85,100,21.34,light rain
492,Sunrise Manor,US,36.2111,-115.0731,64.9,39,20,13.8,few clouds
493,Sao Filipe,CV,14.8961,-24.4956,72.63,68,32,6.76,scattered clouds
494,Shuangcheng,CN,45.35,126.2833,6.48,74,0,11.92,clear sky
495,Kumo,NG,10.0447,11.2122,74.48,19,26,8.12,scattered clouds
496,Umm Kaddadah,SD,13.6017,26.6876,64.8,23,49,13.62,scattered clouds
497,Harper,LR,4.375,-7.7169,78.37,85,75,6.29,broken clouds
498,Egvekinot,RU,66.3167,-179.1667,8.6,82,100,14.36,overcast clouds
499,Normandin,CA,48.8333,-72.5321,35.91,69,99,14.97,overcast clouds
500,Les Cayes,HT,18.2,-73.75,78.26,58,0,9.42,clear sky
501,Saint-Sauveur-Des-Monts,CA,45.9001,-74.1659,38.19,77,100,8.97,overcast clouds
502,Souillac,MU,-20.5167,57.5167,75.58,88,40,10.36,light rain
503,Colares,PT,38.7992,-9.4469,59.32,90,66,5.01,broken clouds
504,Oneonta,US,42.4529,-75.0638,42.3,43,100,8.63,overcast clouds
505,Columbus,US,39.9612,-82.9988,48.72,42,100,8.05,overcast clouds
506,Cangzhou,CN,38.3167,116.8667,25.12,41,0,3.02,clear sky
507,Acapulco,MX,16.8634,-99.8901,85.82,70,0,8.05,clear sky
508,Marsabit,KE,2.3284,37.9899,67.57,64,46,11.36,scattered clouds
509,Loiza,PR,18.4313,-65.8802,82.38,69,40,13.8,scattered clouds
510,Jiwani,PK,25.05,61.7417,75.45,60,0,7.54,clear sky
511,Jizan,SA,17.3333,42.6667,77.94,69,0,1.07,clear sky
512,Tomatlan,MX,19.9333,-105.25,84.9,59,9,7.29,clear sky
513,Pareora,NZ,-44.4871,171.2132,57.18,95,66,19.04,broken clouds
514,Portland,US,45.5234,-122.6762,45.99,77,20,3.44,few clouds
515,Sharjah,AE,25.3573,55.4033,76.98,83,0,8.05,clear sky
516,Mogwase,ZA,-25.185,27.2665,69.19,66,17,2.46,few clouds
517,Neyshabur,IR,36.2133,58.7958,32.13,65,9,1.83,clear sky
518,Kristianstad,SE,56.0313,14.1524,34.36,100,100,8.05,drizzle
519,Pitimbu,BR,-7.4706,-34.8086,79.39,78,26,10.92,scattered clouds
520,Isla Mujeres,MX,21.2311,-86.731,82.45,63,7,9.33,clear sky
521,Alekseyevsk,RU,57.8406,108.3492,12.29,93,100,12.55,light snow
522,Amuntai,ID,-2.4177,115.2494,72.52,98,94,0.18,overcast clouds
523,Aasiaat,GL,68.7098,-52.8699,20.01,88,83,9.33,broken clouds
524,Gualaquiza,EC,-3.4,-78.55,73.96,71,52,2.77,light rain
525,Charlestown,AU,-32.95,151.6667,70.74,77,90,8.01,overcast clouds
526,Riyadh,SA,24.6877,46.7219,69.94,38,79,11.99,broken clouds
527,Redcliffe,AU,-27.2307,153.0973,81.14,43,20,5.75,few clouds
528,Luanda,AO,-8.8368,13.2343,80.6,78,75,6.91,broken clouds
529,Mogadishu,SO,2.0371,45.3438,80.2,80,17,15.03,few clouds
530,Leeds,GB,53.7964,-1.5477,41.32,88,20,8.05,few clouds
531,Tura,IN,25.5198,90.2201,59.52,85,0,3.58,clear sky
532,Awjilah,LY,29.1081,21.2869,64.35,33,2,8.46,clear sky
533,Grindavik,IS,63.8424,-22.4338,28.87,100,20,5.75,fog
534,Alekseyevka,RU,50.6309,38.6903,19.08,51,9,5.77,clear sky
535,Camana,PE,-16.6228,-72.7111,69.42,76,87,5.3,overcast clouds
536,Redan,US,33.7454,-84.1316,48.42,93,100,8.59,moderate rain
537,Birjand,IR,32.8663,59.2211,39.67,52,0,4.61,clear sky
538,Barinas,VE,8.6226,-70.2075,80.44,66,79,3.04,broken clouds
539,Alta Floresta,BR,-9.8756,-56.0861,70.47,99,100,3.09,light rain
540,Faya,SA,18.3851,42.4509,55.51,83,3,2.73,clear sky
541,Aklavik,CA,68.2191,-135.0107,-13.77,83,100,21.68,overcast clouds
542,Uyemskiy,RU,64.4743,40.8524,17.65,100,100,6.71,overcast clouds
543,Khudumelapye,BW,-23.8833,24.75,73.44,20,17,7.85,few clouds
544,Dubrovnik,HR,42.6481,18.0922,55.04,76,40,8.05,scattered clouds
545,Korem,ET,12.5058,39.5228,47.95,54,45,1.52,scattered clouds
546,Mokhsogollokh,RU,61.4681,128.9203,-14.19,98,100,2.98,overcast clouds
547,Sambava,MG,-14.2667,50.1667,75.29,85,29,10.54,scattered clouds
548,Hagersville,CA,42.9668,-80.0497,42.12,57,100,9.93,overcast clouds
549,Otane,NZ,-39.8833,176.6333,71.94,41,86,2.89,overcast clouds
550,Ambon,ID,-3.6954,128.1814,77.23,15,40,6.91,scattered clouds
551,Yol,IN,32.1667,76.2,55.83,29,100,4.47,overcast clouds
552,Novoagansk,RU,61.9449,76.6625,6.4,97,93,7.99,overcast clouds
553,Solnechnyy,RU,50.7214,136.6319,-3.23,90,81,4.54,broken clouds
554,Kayerkan,RU,69.3497,87.7602,24.53,100,100,16.02,snow
555,Sao Joao Da Barra,BR,-21.6403,-41.0511,77.09,84,89,20.4,overcast clouds
556,Bonfim,BR,3.0833,-59.95,89.55,69,89,1.88,overcast clouds
557,Portel,BR,-1.9356,-50.8211,75.11,85,87,3.62,overcast clouds
558,Hovd,MN,48.0056,91.6419,1.51,80,5,3.11,clear sky
559,Verkhoyansk,RU,67.5447,133.385,-16.89,99,100,2.42,overcast clouds
560,Birkeland,NO,58.3309,8.2323,25.41,87,0,4.61,clear sky
561,Key West,US,24.5557,-81.7826,84.2,62,0,10.36,clear sky
562,Caravelas,BR,-17.7125,-39.2481,72.59,85,100,5.93,overcast clouds
563,Ilulissat,GL,69.2167,-51.1,39.22,48,75,1.14,broken clouds
564,Filadelfia,US,39.9523,-75.1638,48.09,45,75,4.61,broken clouds
565,Bonavista,CA,48.6499,-53.1147,36.39,93,100,13.96,overcast clouds
566,Borazjan,IR,29.2666,51.2159,68.32,67,79,5.59,broken clouds
567,Moyale,KE,3.5167,39.0584,67.91,59,98,3.2,overcast clouds
568,North Platte,US,41.1239,-100.7654,33.69,55,100,9.22,overcast clouds
569,Martyush,RU,56.4,61.8819,-8.7,100,99,3.44,overcast clouds
570,Saskatoon,CA,52.1168,-106.6345,-9.42,77,100,6.91,overcast clouds
571,Hami,CN,42.8,93.45,22.17,37,100,2.8,overcast clouds
572,Ambilobe,MG,-13.2,49.05,75.02,85,23,1.43,few clouds
573,Tottori,JP,35.5,134.2333,46.47,61,75,11.5,broken clouds
574,Zvishavane,ZW,-20.3267,30.0665,79.03,38,82,8.93,broken clouds
575,Novobureyskiy,RU,49.798,129.8774,-2.78,96,91,6.04,overcast clouds
576,Hefei,CN,31.8639,117.2808,30.22,93,30,0.0,fog
577,Sijunjung,ID,-0.6876,100.9537,71.89,99,100,1.43,overcast clouds
578,Oranjestad,AW,12.524,-70.027,82.35,70,20,10.36,few clouds
579,Taoudenni,ML,22.6783,-3.9836,80.56,16,15,3.8,few clouds
580,Hirara,JP,24.8,125.2833,71.11,78,100,31.21,overcast clouds
581,Sumbe,AO,-11.2061,13.8437,77.23,89,89,7.45,overcast clouds
582,Fortuna,US,40.5982,-124.1573,53.65,80,100,1.01,overcast clouds
583,Trincomalee,LK,8.5711,81.2335,80.13,74,47,10.51,scattered clouds
584,Krasyliv,UA,49.6519,26.9725,26.26,85,100,13.29,overcast clouds
585,Muros,ES,42.7762,-9.0603,53.69,90,100,2.82,overcast clouds
586,Goure,NE,13.9835,10.2704,70.86,18,2,10.04,clear sky
587,Maldonado,UY,-34.6667,-54.9167,85.39,41,0,12.35,clear sky
588,Leh,IN,34.1667,77.5833,16.07,50,50,1.34,scattered clouds
589,Russell,US,32.3502,-85.1999,70.88,68,0,4.61,clear sky
590,Olga,RU,43.7444,135.2892,6.96,83,4,3.89,clear sky
591,Vredendal,ZA,-31.6683,18.5012,59.95,72,100,13.13,overcast clouds
592,Margate,GB,51.3813,1.3862,45.7,84,100,4.0,overcast clouds
593,Temerloh,MY,3.4483,102.4176,74.98,99,98,1.32,overcast clouds
594,Harboore,DK,56.6175,8.1807,38.98,63,100,7.05,overcast clouds
595,Chistogorskiy,RU,53.9835,87.3843,-4.52,99,92,1.57,overcast clouds
596,Parry Sound,CA,45.3501,-80.033,41.05,56,100,11.3,overcast clouds
597,Sao Jose Da Coroa Grande,BR,-8.8978,-35.1478,76.84,86,24,11.92,few clouds
598,Nyurba,RU,63.2842,118.3319,-6.41,97,100,6.02,overcast clouds
599,Oriximina,BR,-1.7656,-55.8661,79.47,78,84,1.95,broken clouds
600,Lafia,NG,8.4833,8.5167,76.17,16,22,2.57,few clouds
601,Vao,NC,-22.6667,167.4833,77.45,87,100,9.86,light rain
602,Matay,EG,28.419,30.7792,60.15,67,0,12.53,clear sky
603,Zupanja,HR,45.0775,18.6975,37.38,90,88,5.88,overcast clouds
604,Grand-Santi,GF,4.25,-54.3833,75.87,77,100,1.95,overcast clouds
605,Belyy Yar,RU,53.6039,91.3903,-18.51,60,75,0.0,mist
606,Turbat,PK,26.0023,63.044,68.54,27,0,6.02,clear sky
607,Khani,GE,41.9563,42.9566,36.97,88,100,4.79,overcast clouds
608,Robinson,US,31.4677,-97.1147,78.21,69,20,19.57,few clouds
609,Kurilsk,RU,45.2333,147.8833,30.63,76,99,15.14,light snow
610,Ankara,TR,39.9199,32.8543,40.21,79,0,5.75,clear sky
611,Richards Bay,ZA,-28.783,32.0377,69.37,79,100,15.17,light rain
612,Giaveno,IT,45.047,7.3492,42.87,84,18,7.18,few clouds
613,Junin,AR,-34.5838,-60.9433,98.89,15,0,10.69,clear sky
614,Tucuman,AR,-26.8241,-65.2226,98.6,20,40,10.36,scattered clouds
615,Havelock,US,34.8791,-76.9013,57.16,80,75,9.22,broken clouds
616,Golden Gate,US,26.1879,-81.6951,82.47,64,0,10.36,clear sky
617,Orthez,FR,43.4884,-0.7724,47.64,72,100,3.2,overcast clouds
618,Beirut,LB,33.8889,35.4944,61.54,59,20,5.75,few clouds
619,Bireun,ID,5.203,96.7009,77.13,84,100,4.43,overcast clouds
620,Mehamn,NO,71.0357,27.8492,37.35,93,75,16.11,broken clouds
621,Poltavka,RU,54.3663,71.7632,-5.91,98,67,2.35,broken clouds
622,Malanville,BJ,11.8685,3.3899,79.07,20,79,9.31,broken clouds
623,Puerto El Triunfo,SV,13.2833,-88.55,82.49,62,75,7.83,broken clouds
624,Milicz,PL,51.5277,17.2714,41.54,85,100,3.62,overcast clouds
625,Whithorn,JM,18.2604,-78.0378,79.45,64,5,9.24,clear sky
626,Itarema,BR,-2.9248,-39.9167,79.65,78,16,18.19,few clouds
627,Tello,CO,3.0669,-75.1378,84.61,77,40,3.04,scattered clouds
628,Ambulu,ID,-8.345,113.6058,74.98,87,99,1.81,overcast clouds
629,Fonte Boa,BR,-2.4959,-66.2662,81.19,77,84,2.44,moderate rain
630,Maceio,BR,-9.6658,-35.7353,76.44,94,75,10.36,broken clouds
631,Rucheng,CN,32.3883,120.5553,37.0,77,0,3.29,clear sky
632,Channel-Port Aux Basques,CA,47.5702,-59.1367,33.46,61,10,3.13,clear sky
633,Garmsar,IR,35.2182,52.3409,42.73,78,100,1.59,overcast clouds
634,Cardoso,BR,-20.0819,-49.9142,77.4,65,92,1.79,overcast clouds
635,Paamiut,GL,61.994,-49.6678,37.47,77,100,34.76,overcast clouds
636,Erzurum,TR,40.0,41.5,24.48,86,35,3.56,scattered clouds
637,Chapais,CA,49.7834,-74.8492,22.78,90,96,4.65,overcast clouds
638,Daru,PG,-9.0763,143.2092,80.92,76,99,10.22,overcast clouds
639,Aksu,CN,41.1231,80.2644,23.36,34,87,3.22,overcast clouds
640,Mariel,CU,22.9875,-82.7536,80.74,62,5,14.09,moderate rain
641,Meybod,IR,32.2501,54.0166,43.29,56,15,9.01,few clouds
642,Lokosovo,RU,61.1333,74.8167,2.91,98,93,6.8,overcast clouds
643,Valdivia,CL,-39.8142,-73.2459,62.69,72,79,5.7,broken clouds
644,Launceston,AU,-41.45,147.1667,55.8,65,100,14.97,overcast clouds
645,Caucaia,BR,-3.7361,-38.6531,82.35,73,20,13.8,few clouds
646,Bantva,IN,21.4864,70.0689,65.48,34,0,9.73,clear sky
647,Maryborough,AU,-25.5333,152.7,79.25,56,2,4.76,clear sky
648,Innisfail,AU,-17.5333,146.0333,78.87,58,0,2.01,clear sky
649,Gurlan,UZ,41.8447,60.3919,6.87,54,0,0.94,clear sky
650,Imeni Poliny Osipenko,RU,52.4201,136.4853,0.81,86,100,9.93,overcast clouds
651,Sarh,TD,9.1429,18.3923,80.55,24,67,5.28,broken clouds
652,Mathathane,BW,-22.2687,28.7495,79.39,51,96,8.57,overcast clouds
653,Balikpapan,ID,-1.2675,116.8289,76.19,94,20,2.3,few clouds
654,Port-Gentil,GA,-0.7193,8.7815,82.36,89,40,8.05,thunderstorm
655,Coolum Beach,AU,-26.5333,153.1,78.12,80,4,5.03,clear sky
656,Kijini,TZ,-5.85,39.3167,78.53,79,100,8.97,overcast clouds
657,Heishan,CN,41.6892,122.1128,18.05,38,0,5.66,clear sky
